pickup_hour,demand
2025-12-18 00:00:00,4637
2025-12-18 01:00:00,2168
2025-12-18 02:00:00,1113
2025-12-18 03:00:00,755
2025-12-18 04:00:00,1037
2025-12-18 05:00:00,1544
2025-12-18 06:00:00,3054
2025-12-18 07:00:00,5802
2025-12-18 08:00:00,7544
2025-12-18 09:00:00,7228
2025-12-18 10:00:00,7189
2025-12-18 11:00:00,7107
2025-12-18 12:00:00,7591
2025-12-18 13:00:00,7846
2025-12-18 14:00:00,8706
2025-12-18 15:00:00,9484
2025-12-18 16:00:00,9558
2025-12-18 17:00:00,10737
2025-12-18 18:00:00,11663
2025-12-18 19:00:00,10388
2025-12-18 20:00:00,9895
2025-12-18 21:00:00,10843
2025-12-18 22:00:00,10568
2025-12-18 23:00:00,9680
2025-12-19 00:00:00,6784
2025-12-19 01:00:00,3834
2025-12-19 02:00:00,2278
2025-12-19 03:00:00,1483
2025-12-19 04:00:00,1547
2025-12-19 05:00:00,1764
2025-12-19 06:00:00,3185
2025-12-19 07:00:00,5596
2025-12-19 08:00:00,7775
2025-12-19 09:00:00,7348
2025-12-19 10:00:00,6543
2025-12-19 11:00:00,6778
2025-12-19 12:00:00,7537
2025-12-19 13:00:00,7578
2025-12-19 14:00:00,8766
2025-12-19 15:00:00,9199
2025-12-19 16:00:00,10754
2025-12-19 17:00:00,11265
2025-12-19 18:00:00,12247
2025-12-19 19:00:00,10852
2025-12-19 20:00:00,9591
2025-12-19 21:00:00,9317
2025-12-19 22:00:00,9928
2025-12-19 23:00:00,10011
2025-12-20 00:00:00,8651
2025-12-20 01:00:00,6350
2025-12-20 02:00:00,4618
2025-12-20 03:00:00,3053
2025-12-20 04:00:00,2191
2025-12-20 05:00:00,1339
2025-12-20 06:00:00,1721
2025-12-20 07:00:00,2198
2025-12-20 08:00:00,3455
2025-12-20 09:00:00,4921
2025-12-20 10:00:00,6234
2025-12-20 11:00:00,7491
2025-12-20 12:00:00,7875
2025-12-20 13:00:00,8420
2025-12-20 14:00:00,8487
2025-12-20 15:00:00,9234
2025-12-20 16:00:00,9774
2025-12-20 17:00:00,10082
2025-12-20 18:00:00,10091
2025-12-20 19:00:00,9159
2025-12-20 20:00:00,7609
2025-12-20 21:00:00,7617
2025-12-20 22:00:00,8184
2025-12-20 23:00:00,8164
2025-12-21 00:00:00,6998
2025-12-21 01:00:00,5339
2025-12-21 02:00:00,3945
2025-12-21 03:00:00,2953
2025-12-21 04:00:00,2409
2025-12-21 05:00:00,1333
2025-12-21 06:00:00,1633
2025-12-21 07:00:00,1861
2025-12-21 08:00:00,2773
2025-12-21 09:00:00,4051
2025-12-21 10:00:00,5527
2025-12-21 11:00:00,6085
2025-12-21 12:00:00,7023
2025-12-21 13:00:00,7448
2025-12-21 14:00:00,7812
2025-12-21 15:00:00,8299
2025-12-21 16:00:00,8249
2025-12-21 17:00:00,8002
2025-12-21 18:00:00,7368
2025-12-21 19:00:00,6323
2025-12-21 20:00:00,6030
2025-12-21 21:00:00,5485
2025-12-21 22:00:00,4206
2025-12-21 23:00:00,3216
2025-12-22 00:00:00,2122
2025-12-22 01:00:00,1010
2025-12-22 02:00:00,564
2025-12-22 03:00:00,528
2025-12-22 04:00:00,803
2025-12-22 05:00:00,1214
2025-12-22 06:00:00,2286
2025-12-22 07:00:00,3765
2025-12-22 08:00:00,4825
2025-12-22 09:00:00,5457
2025-12-22 10:00:00,6004
2025-12-22 11:00:00,6263
2025-12-22 12:00:00,6925
2025-12-22 13:00:00,7283
2025-12-22 14:00:00,7892
2025-12-22 15:00:00,8160
2025-12-22 16:00:00,8329
2025-12-22 17:00:00,8333
2025-12-22 18:00:00,7824
2025-12-22 19:00:00,6060
2025-12-22 20:00:00,5528
2025-12-22 21:00:00,5632
2025-12-22 22:00:00,4219
2025-12-22 23:00:00,3244
2025-12-23 00:00:00,2022
2025-12-23 01:00:00,968
2025-12-23 02:00:00,575
2025-12-23 03:00:00,416
2025-12-23 04:00:00,747
2025-12-23 05:00:00,1122
2025-12-23 06:00:00,2210
2025-12-23 07:00:00,3802
2025-12-23 08:00:00,5163
2025-12-23 09:00:00,5661
2025-12-23 10:00:00,5988
2025-12-23 11:00:00,6872
2025-12-23 12:00:00,7202
2025-12-23 13:00:00,7464
2025-12-23 14:00:00,7503
2025-12-23 15:00:00,8282
2025-12-23 16:00:00,8136
2025-12-23 17:00:00,7802
2025-12-23 18:00:00,7258
2025-12-23 19:00:00,5757
2025-12-23 20:00:00,5107
2025-12-23 21:00:00,4948
2025-12-23 22:00:00,4280
2025-12-23 23:00:00,3165
2025-12-24 00:00:00,2223
2025-12-24 01:00:00,1196
2025-12-24 02:00:00,818
2025-12-24 03:00:00,578
2025-12-24 04:00:00,744
2025-12-24 05:00:00,823
2025-12-24 06:00:00,1517
2025-12-24 07:00:00,2041
2025-12-24 08:00:00,2978
2025-12-24 09:00:00,3882
2025-12-24 10:00:00,4761
2025-12-24 11:00:00,5513
2025-12-24 12:00:00,6311
2025-12-24 13:00:00,6991
2025-12-24 14:00:00,7035
2025-12-24 15:00:00,7413
2025-12-24 16:00:00,7439
2025-12-24 17:00:00,7495
2025-12-24 18:00:00,7000
2025-12-24 19:00:00,6131
2025-12-24 20:00:00,5201
2025-12-24 21:00:00,4780
2025-12-24 22:00:00,4218
2025-12-24 23:00:00,3512
2025-12-25 00:00:00,2734
2025-12-25 01:00:00,1979
2025-12-25 02:00:00,1176
2025-12-25 03:00:00,844
2025-12-25 04:00:00,703
2025-12-25 05:00:00,603
2025-12-25 06:00:00,958
2025-12-25 07:00:00,1107
2025-12-25 08:00:00,1270
2025-12-25 09:00:00,1844
2025-12-25 10:00:00,2528
2025-12-25 11:00:00,3337
2025-12-25 12:00:00,3797
2025-12-25 13:00:00,4215
2025-12-25 14:00:00,4419
2025-12-25 15:00:00,5049
2025-12-25 16:00:00,4464
2025-12-25 17:00:00,4351
2025-12-25 18:00:00,4308
2025-12-25 19:00:00,4314
2025-12-25 20:00:00,4028
2025-12-25 21:00:00,4162
2025-12-25 22:00:00,3342
2025-12-25 23:00:00,2579
2025-12-26 00:00:00,1519
2025-12-26 01:00:00,752
2025-12-26 02:00:00,468
2025-12-26 03:00:00,338
2025-12-26 04:00:00,419
2025-12-26 05:00:00,639
2025-12-26 06:00:00,1231
2025-12-26 07:00:00,1688
2025-12-26 08:00:00,2355
2025-12-26 09:00:00,3276
2025-12-26 10:00:00,4232
2025-12-26 11:00:00,5197
2025-12-26 12:00:00,5511
2025-12-26 13:00:00,5886
2025-12-26 14:00:00,6528
2025-12-26 15:00:00,6596
2025-12-26 16:00:00,6484
2025-12-26 17:00:00,5646
2025-12-26 18:00:00,5294
2025-12-26 19:00:00,4901
2025-12-26 20:00:00,4002
2025-12-26 21:00:00,3766
2025-12-26 22:00:00,3993
2025-12-26 23:00:00,3206
2025-12-27 00:00:00,2084
2025-12-27 01:00:00,1449
2025-12-27 02:00:00,1028
2025-12-27 03:00:00,886
2025-12-27 04:00:00,764
2025-12-27 05:00:00,582
2025-12-27 06:00:00,1002
2025-12-27 07:00:00,1291
2025-12-27 08:00:00,1725
2025-12-27 09:00:00,2584
2025-12-27 10:00:00,3162
2025-12-27 11:00:00,4077
2025-12-27 12:00:00,4864
2025-12-27 13:00:00,5297
2025-12-27 14:00:00,5491
2025-12-27 15:00:00,5659
2025-12-27 16:00:00,6253
2025-12-27 17:00:00,6102
2025-12-27 18:00:00,6026
2025-12-27 19:00:00,5550
2025-12-27 20:00:00,4932
2025-12-27 21:00:00,4916
2025-12-27 22:00:00,5482
2025-12-27 23:00:00,4553
2025-12-28 00:00:00,3484
2025-12-28 01:00:00,2597
2025-12-28 02:00:00,1832
2025-12-28 03:00:00,1637
2025-12-28 04:00:00,1327
2025-12-28 05:00:00,803
2025-12-28 06:00:00,1153
2025-12-28 07:00:00,1399
2025-12-28 08:00:00,1988
2025-12-28 09:00:00,2895
2025-12-28 10:00:00,4002
2025-12-28 11:00:00,5082
2025-12-28 12:00:00,5416
2025-12-28 13:00:00,5921
2025-12-28 14:00:00,5884
2025-12-28 15:00:00,6020
2025-12-28 16:00:00,6139
2025-12-28 17:00:00,5878
2025-12-28 18:00:00,5543
2025-12-28 19:00:00,5464
2025-12-28 20:00:00,4554
2025-12-28 21:00:00,4385
2025-12-28 22:00:00,3962
2025-12-28 23:00:00,3671
2025-12-29 00:00:00,2412
2025-12-29 01:00:00,1351
2025-12-29 02:00:00,743
2025-12-29 03:00:00,486
2025-12-29 04:00:00,507
2025-12-29 05:00:00,805
2025-12-29 06:00:00,1594
2025-12-29 07:00:00,2163
2025-12-29 08:00:00,3240
2025-12-29 09:00:00,3941
2025-12-29 10:00:00,4887
2025-12-29 11:00:00,5711
2025-12-29 12:00:00,6206
2025-12-29 13:00:00,6343
2025-12-29 14:00:00,6454
2025-12-29 15:00:00,6755
2025-12-29 16:00:00,6564
2025-12-29 17:00:00,6676
2025-12-29 18:00:00,6178
2025-12-29 19:00:00,5446
2025-12-29 20:00:00,5114
2025-12-29 21:00:00,5228
2025-12-29 22:00:00,4425
2025-12-29 23:00:00,3762
2025-12-30 00:00:00,2668
2025-12-30 01:00:00,1478
2025-12-30 02:00:00,868
2025-12-30 03:00:00,524
2025-12-30 04:00:00,517
2025-12-30 05:00:00,830
2025-12-30 06:00:00,1597
2025-12-30 07:00:00,2212
2025-12-30 08:00:00,3250
2025-12-30 09:00:00,4443
2025-12-30 10:00:00,5107
2025-12-30 11:00:00,5909
2025-12-30 12:00:00,6731
2025-12-30 13:00:00,6961
2025-12-30 14:00:00,7363
2025-12-30 15:00:00,7353
2025-12-30 16:00:00,7543
2025-12-30 17:00:00,7416
2025-12-30 18:00:00,7029
2025-12-30 19:00:00,6152
2025-12-30 20:00:00,5300
2025-12-30 21:00:00,5353
2025-12-30 22:00:00,4962
2025-12-30 23:00:00,4299
2025-12-31 00:00:00,3565
2025-12-31 01:00:00,2011
2025-12-31 02:00:00,1192
2025-12-31 03:00:00,746
2025-12-31 04:00:00,662
2025-12-31 05:00:00,736
2025-12-31 06:00:00,1412
2025-12-31 07:00:00,2030
2025-12-31 08:00:00,2797
2025-12-31 09:00:00,3580
2025-12-31 10:00:00,4545
2025-12-31 11:00:00,5003
2025-12-31 12:00:00,5677
2025-12-31 13:00:00,6293
2025-12-31 14:00:00,6745
2025-12-31 15:00:00,6934
2025-12-31 16:00:00,6913
2025-12-31 17:00:00,7136
2025-12-31 18:00:00,7107
2025-12-31 19:00:00,8054
2025-12-31 20:00:00,8038
2025-12-31 21:00:00,7866
2025-12-31 22:00:00,7101
2025-12-31 23:00:00,5480
